{
  "0": {
    "precision": 0.9098819142324425,
    "recall": 0.9195979899497487,
    "f1-score": 0.9147141518275539,
    "support": 1592.0
  },
  "1": {
    "precision": 0.6726342710997443,
    "recall": 0.6446078431372549,
    "f1-score": 0.6583229036295369,
    "support": 408.0
  },
  "accuracy": 0.8635,
  "macro avg": {
    "precision": 0.7912580926660934,
    "recall": 0.7821029165435018,
    "f1-score": 0.7865185277285454,
    "support": 2000.0
  },
  "weighted avg": {
    "precision": 0.861483395033372,
    "recall": 0.8635,
    "f1-score": 0.8624103371951585,
    "support": 2000.0
  }
}